{"t_vuelo": 4.0, "pos_inicial": [3.5744041924186853, -1.8244589257070947, 0.8500901132353124, 2.356194890043078], "pos_final": [3.5744041924186853, -1.8244589257070947, 0.8500901132353124, 2.356194890043078], "puntos": [[4.9, 1.0, 0.85, 3.141592653589793], [3.7577164466275357, 3.7577164466275352, 0.85, -2.356194490192345], [1.0000000000000002, 4.9, 0.85, -1.3207963267948968], [-1.7577164466275352, 3.7577164466275357, 0.85, -0.7853981633974484], [-2.9, 1.0000000000000004, 0.85, -1.1386902816668274e-16], [-1.5077164466275361, -1.7577164466275352, 0.85, 0.7853981633974482], [0.9999999999999993, -2.9, 0.85, 1.5707963267948966], [3.757716446627535, -1.7577164466275361, 0.85, 2.356194490192345]], "tiempo_total": 76.768}